{
  "requirements": [
    {
      "bonus": false,
      "description": "1 - Desenvolva os testes unitários de maneira que a cobertura seja de, no mínimo, 90%",
      "enabled": true,
      "identifier": null,
      "order": 1,
      "skill_ids": []
    },
    {
      "bonus": false,
      "description": "2 - Crie todos os elementos que devem respeitar os atributos descritos no protótipo para a tela de login",
      "enabled": true,
      "identifier": null,
      "order": 2,
      "skill_ids": []
    },
    {
      "bonus": false,
      "description": "3 - Desenvolva a tela de maneira que a pessoa consiga escrever seu email no input de email e sua senha no input de senha",
      "enabled": true,
      "identifier": null,
      "order": 3,
      "skill_ids": []
    },
    {
      "bonus": false,
      "description": "4 - Desenvolva a tela de maneira que o formulário só seja válido após um email válido e uma senha de mais de 6 caracteres serem preenchidos",
      "enabled": true,
      "identifier": null,
      "order": 4,
      "skill_ids": []
    },
    {
      "bonus": false,
      "description": "5 - Após a submissão do formulário, salve no localStorage o e-mail da pessoa usuária na chave `user` e os tokens nas chaves `mealsToken` e `cocktailsToken`",
      "enabled": true,
      "identifier": null,
      "order": 5,
      "skill_ids": []
    },
    {
      "bonus": false,
      "description": "6 - Redirecione a pessoa usuária para a tela principal de receitas de comidas após a submissão e validação com sucesso do login",
      "enabled": true,
      "identifier": null,
      "order": 6,
      "skill_ids": []
    },
    {
      "bonus": false,
      "description": "7 - Implemente o header de acordo com a necessidade de cada tela",
      "enabled": true,
      "identifier": null,
      "order": 7,
      "skill_ids": []
    },
    {
      "bonus": false,
      "description": "8 - Redirecione a pessoa usuária para a tela de perfil ao clicar no botão de perfil",
      "enabled": true,
      "identifier": null,
      "order": 8,
      "skill_ids": []
    },
    {
      "bonus": false,
      "description": "9 - Desenvolva o botão de busca que, ao ser clicado, a barra de busca deve aparecer. O mesmo serve para escondê-la",
      "enabled": true,
      "identifier": null,
      "order": 9,
      "skill_ids": []
    },
    {
      "bonus": false,
      "description": "10 - Implemente os elementos da barra de busca respeitando os atributos descritos no protótipo",
      "enabled": true,
      "identifier": null,
      "order": 10,
      "skill_ids": []
    },
    {
      "bonus": false,
      "description": "11 - Implemente 3 radio buttons na barra de busca: Ingredient, Name e First letter",
      "enabled": true,
      "identifier": null,
      "order": 11,
      "skill_ids": []
    },
    {
      "bonus": false,
      "description": "12 - Busque na API de comidas caso a pessoa esteja na página de comidas, e na API de bebidas caso esteja na de bebidas",
      "enabled": true,
      "identifier": null,
      "order": 12,
      "skill_ids": []
    },
    {
      "bonus": false,
      "description": "13 - Redirecione para a tela de detalhes da receita caso apenas uma receita seja encontrada, com o ID da mesma na URL",
      "enabled": true,
      "identifier": null,
      "order": 13,
      "skill_ids": []
    },
    {
      "bonus": false,
      "description": "14 - Mostre as receitas em cards, caso mais de uma receita seja encontrada",
      "enabled": true,
      "identifier": null,
      "order": 14,
      "skill_ids": []
    },
    {
      "bonus": false,
      "description": "15 - Exiba um `alert` caso nenhuma receita seja encontrada",
      "enabled": true,
      "identifier": null,
      "order": 15,
      "skill_ids": []
    },
    {
      "bonus": false,
      "description": "16 - Implemente o menu inferior posicionando-o de forma fixa e contendo 2 ícones: um para comidas e outro para bebidas",
      "enabled": true,
      "identifier": null,
      "order": 16,
      "skill_ids": []
    },
    {
      "bonus": false,
      "description": "17 - Exiba o menu inferior apenas nas telas indicadas pelo protótipo",
      "enabled": true,
      "identifier": null,
      "order": 17,
      "skill_ids": []
    },
    {
      "bonus": false,
      "description": "18 - Redirecione a pessoa usuária para a tela correta ao clicar em cada ícone no menu inferior",
      "enabled": true,
      "identifier": null,
      "order": 18,
      "skill_ids": []
    },
    {
      "bonus": false,
      "description": "19 - Carregue as 12 primeiras receitas de comidas ou bebidas, uma em cada card",
      "enabled": true,
      "identifier": null,
      "order": 19,
      "skill_ids": []
    },
    {
      "bonus": false,
      "description": "20 - Implemente os botões de categoria para serem utilizados como filtro",
      "enabled": true,
      "identifier": null,
      "order": 20,
      "skill_ids": []
    },
    {
      "bonus": false,
      "description": "21 - Implemente o filtro das receitas por meio da API ao clicar no filtro de categoria",
      "enabled": true,
      "identifier": null,
      "order": 21,
      "skill_ids": []
    },
    {
      "bonus": false,
      "description": "22 - Implemente o filtro como um toggle, o qual se for selecionado novamente, o app deve retornar as receitas sem nenhum filtro",
      "enabled": true,
      "identifier": null,
      "order": 22,
      "skill_ids": []
    },
    {
      "bonus": false,
      "description": "23 - Redirecione a pessoa usuária ao clicar no card para a tela de detalhes, que deve mudar a rota e conter o id da receita na URL",
      "enabled": true,
      "identifier": null,
      "order": 23,
      "skill_ids": []
    },
    {
      "bonus": false,
      "description": "24 - Realize uma request para a API passando o `id` da receita que deve estar disponível nos parâmetros da URL",
      "enabled": true,
      "identifier": null,
      "order": 24,
      "skill_ids": []
    },
    {
      "bonus": false,
      "description": "25 - Desenvolva a tela de modo que contenha uma imagem da receita, o título, a categoria em caso de comidas e se é ou não alcoólico em caso de bebidas, uma lista de ingredientes seguidos pelas quantidades, instruções, um vídeo do youtube \"embedado\" e recomendações",
      "enabled": true,
      "identifier": null,
      "order": 25,
      "skill_ids": []
    },
    {
      "bonus": false,
      "description": "26 - Implemente as recomendações. Para receitas de comida, a recomendação deverá ser bebida, já para as receitas de bebida a recomendação deverá ser comida",
      "enabled": true,
      "identifier": null,
      "order": 26,
      "skill_ids": []
    },
    {
      "bonus": false,
      "description": "27 - Implemente os 6 cards de recomendação, mostrando apenas 2. O scroll é horizontal, similar a um `carousel`",
      "enabled": true,
      "identifier": null,
      "order": 27,
      "skill_ids": []
    },
    {
      "bonus": false,
      "description": "28 - Desenvolva um botão de nome \"Start Recipe\" que deve ficar fixo na parte de baixo da tela o tempo todo",
      "enabled": true,
      "identifier": null,
      "order": 28,
      "skill_ids": []
    },
    {
      "bonus": false,
      "description": "29 - Implemente a solução de forma que, caso a receita já tenha sido feita, o botão \"Start Recipe\" desapareça",
      "enabled": true,
      "identifier": null,
      "order": 29,
      "skill_ids": []
    },
    {
      "bonus": false,
      "description": "30 - Implemente a solução de modo que, caso a receita tenha sido iniciada mas não finalizada, o texto do botão deve ser \"Continue Recipe\"",
      "enabled": true,
      "identifier": null,
      "order": 30,
      "skill_ids": []
    },
    {
      "bonus": false,
      "description": "31 - Redirecione a pessoa usuária caso o botão \"Start Recipe\" seja clicado, a rota deve mudar para a tela de receita em progresso",
      "enabled": true,
      "identifier": null,
      "order": 31,
      "skill_ids": []
    },
    {
      "bonus": false,
      "description": "32 - Implemente um botão de compartilhar e um de favoritar a receita",
      "enabled": true,
      "identifier": null,
      "order": 32,
      "skill_ids": []
    },
    {
      "bonus": false,
      "description": "33 - Implemente a solução de forma que, ao clicar no botão de compartilhar, o link da receita dentro do app deve ser copiado para o clipboard e uma mensagem avisando que o link foi copiado deve aparecer",
      "enabled": true,
      "identifier": null,
      "order": 33,
      "skill_ids": []
    },
    {
      "bonus": false,
      "description": "34 - Salve as receitas favoritas no `localStorage` na chave `favoriteRecipes`",
      "enabled": true,
      "identifier": null,
      "order": 34,
      "skill_ids": []
    },
    {
      "bonus": false,
      "description": "35 - Implemente o ícone do coração (favorito) de modo que: deve vir preenchido caso a receita esteja favoritada e \"despreenchido\" caso contrário",
      "enabled": true,
      "identifier": null,
      "order": 35,
      "skill_ids": []
    },
    {
      "bonus": false,
      "description": "36 - Implemente a lógica no botão de favoritar. Caso seja clicado, o ícone do coração deve mudar seu estado atual, caso esteja preenchido deve mudar para \"despreenchido\" e vice-versa",
      "enabled": true,
      "identifier": null,
      "order": 36,
      "skill_ids": []
    },
    {
      "bonus": false,
      "description": "37 - Desenvolva a tela de modo que contenha uma imagem da receita, o título, a categoria em caso de comidas e se é ou não alcoólico em caso de bebidas, uma lista de ingredientes com suas respectivas quantidades e instruções",
      "enabled": true,
      "identifier": null,
      "order": 37,
      "skill_ids": []
    },
    {
      "bonus": false,
      "description": "38 - Desenvolva um checkbox para cada item da lista de ingredientes",
      "enabled": true,
      "identifier": null,
      "order": 38,
      "skill_ids": []
    },
    {
      "bonus": false,
      "description": "39 - Implemente uma lógica que ao clicar no checkbox de um ingrediente, o nome dele deve ser \"riscado\" da lista",
      "enabled": true,
      "identifier": null,
      "order": 39,
      "skill_ids": []
    },
    {
      "bonus": false,
      "description": "40 - Salve o estado do progresso, que deve ser mantido caso a pessoa atualize a página ou volte para a mesma receita",
      "enabled": true,
      "identifier": null,
      "order": 40,
      "skill_ids": []
    },
    {
      "bonus": false,
      "description": "41 - Desenvolva a lógica de favoritar e compartilhar. A lógica da tela de detalhes de uma receita se aplica aqui",
      "enabled": true,
      "identifier": null,
      "order": 41,
      "skill_ids": []
    },
    {
      "bonus": false,
      "description": "42 - Implemente a solução de modo que o botão de finalizar receita (\"Finish Recipe\") só pode estar habilitado quando todos os ingredientes estiverem _\"checkados\"_ (marcados)",
      "enabled": true,
      "identifier": null,
      "order": 42,
      "skill_ids": []
    },
    {
      "bonus": false,
      "description": "43 - Redirecione a pessoa usuária após clicar no botão de finalizar receita (\"Finish Recipe\"), para a página de receitas feitas, cuja rota deve ser `/done-recipes`",
      "enabled": true,
      "identifier": null,
      "order": 43,
      "skill_ids": []
    },
    {
      "bonus": false,
      "description": "44 - Implemente os elementos da tela de receitas feitas respeitando os atributos descritos no protótipo",
      "enabled": true,
      "identifier": null,
      "order": 44,
      "skill_ids": []
    },
    {
      "bonus": false,
      "description": "45 - Desenvolva a tela de modo que, caso a receita do card seja uma comida, ela deve possuir: a foto da receita,  nome, categoria, nacionalidade, a data em que a pessoa fez a receita, as 2 primeiras tags retornadas pela API e um botão de compartilhar",
      "enabled": true,
      "identifier": null,
      "order": 45,
      "skill_ids": []
    },
    {
      "bonus": false,
      "description": "46 - Desenvolva a tela de maneira que, caso a receita do card seja uma bebida, ela deve possuir: a foto da receita, o nome, se é alcoólica, a data em que a pessoa fez a receita e um botão de compartilhar",
      "enabled": true,
      "identifier": null,
      "order": 46,
      "skill_ids": []
    },
    {
      "bonus": false,
      "description": "47 - Desenvolva a solução de modo que o botão de compartilhar deve copiar a URL da tela de detalhes da receita para o clipboard",
      "enabled": true,
      "identifier": null,
      "order": 47,
      "skill_ids": []
    },
    {
      "bonus": false,
      "description": "48 - Implemente 2 botões que filtram as receitas por comida ou bebida e um terceiro que remove todos os filtros",
      "enabled": true,
      "identifier": null,
      "order": 48,
      "skill_ids": []
    },
    {
      "bonus": false,
      "description": "49 - Redirecione para a tela de detalhes da receita caso seja clicado na foto ou no nome da receita",
      "enabled": true,
      "identifier": null,
      "order": 49,
      "skill_ids": []
    },
    {
      "bonus": false,
      "description": "50 - Implemente os elementos da tela de receitas favoritas (cumulativo com os atributos em comum com a tela de receitas feitas), respeitando os atributos descritos no protótipo",
      "enabled": true,
      "identifier": null,
      "order": 50,
      "skill_ids": []
    },
    {
      "bonus": false,
      "description": "51 - Desenvolva a tela de modo que, caso a receita do card seja uma comida, ela deve possuir: a foto da receita,  nome, categoria, nacionalidade, um botão de compartilhar e um de \"desfavoritar\"",
      "enabled": true,
      "identifier": null,
      "order": 51,
      "skill_ids": []
    },
    {
      "bonus": false,
      "description": "52 - Desenvolva a tela de modo que, caso a receita do card seja uma bebida, ela deve possuir: a foto da receita,  nome, se é alcoólica ou não, um botão de compartilhar e um de \"desfavoritar\"",
      "enabled": true,
      "identifier": null,
      "order": 52,
      "skill_ids": []
    },
    {
      "bonus": false,
      "description": "53 - Desenvolva a solução de modo que o botão de compartilhar deve copiar a URL da tela de detalhes da receita para o clipboard",
      "enabled": true,
      "identifier": null,
      "order": 53,
      "skill_ids": []
    },
    {
      "bonus": false,
      "description": "54 - Desenvolva a solução de modo que o botão de \"desfavoritar\" deve remover a receita da lista de receitas favoritas do `localStorage` e da tela",
      "enabled": true,
      "identifier": null,
      "order": 54,
      "skill_ids": []
    },
    {
      "bonus": false,
      "description": "55 - Implemente 2 botões que filtram as receitas por comida ou bebida e um terceiro que remove todos os filtros",
      "enabled": true,
      "identifier": null,
      "order": 55,
      "skill_ids": []
    },
    {
      "bonus": false,
      "description": "56 - Redirecione a pessoa usuária ao clicar na foto ou no nome da receita, a rota deve mudar para a tela de detalhes daquela receita",
      "enabled": true,
      "identifier": null,
      "order": 56,
      "skill_ids": []
    },
    {
      "bonus": false,
      "description": "57 - Implemente os elementos da tela de perfil respeitando os atributos descritos no protótipo",
      "enabled": true,
      "identifier": null,
      "order": 57,
      "skill_ids": []
    },
    {
      "bonus": false,
      "description": "58 - Implemente a solução de maneira que o e-mail da pessoa usuária deve estar visível",
      "enabled": true,
      "identifier": null,
      "order": 58,
      "skill_ids": []
    },
    {
      "bonus": false,
      "description": "59 - Implemente 3 botões: um de nome \"Done Recipes\", um de nome \"Favorite Recipes\" e um de nome \"Logout\"",
      "enabled": true,
      "identifier": null,
      "order": 59,
      "skill_ids": []
    },
    {
      "bonus": false,
      "description": "60 - Redirecione a pessoa usuária que, ao clicar no botão de \"Done Recipes\", a rota deve mudar para a tela de receitas feitas",
      "enabled": true,
      "identifier": null,
      "order": 60,
      "skill_ids": []
    },
    {
      "bonus": false,
      "description": "61 - Redirecione a pessoa usuária que, ao clicar no botão de \"Favorite Recipes\", a rota deve mudar para a tela de receitas favoritas",
      "enabled": true,
      "identifier": null,
      "order": 61,
      "skill_ids": []
    },
    {
      "bonus": false,
      "description": "62 - Redirecione a pessoa usuária que ao clicar no botão de \"Logout\", o `localStorage` deve ser limpo e a rota deve mudar para a tela de login",
      "enabled": true,
      "identifier": null,
      "order": 62,
      "skill_ids": []
    }
  ]
}