{"requirements":[{"bonus":false,"description":"1 - Crie uma função que busca as espécies de animais por id","enabled":true,"identifier":null,"order":1,"skill_ids":["ba898853-37f2-45b2-ae68-0840bf4ad791","0a1e7c42-361c-4fac-8bc5-3281d8170df5","36126639-a745-4aa7-81b3-f433815f0e30"]},{"bonus":false,"description":"2 - Crie uma função que verifica se todos os animais de uma espécie possuem a idade mínima especificada","enabled":true,"identifier":null,"order":2,"skill_ids":["ba898853-37f2-45b2-ae68-0840bf4ad791","eed913ff-405d-49dc-9a8f-229bcbcff0d2","e2d499d7-7fdb-4472-835a-5bbe772fb189","a14393ee-0b37-4a7d-85fd-d6bbcade5c39","36126639-a745-4aa7-81b3-f433815f0e30"]},{"bonus":false,"description":"3 - Crie uma função que busca as pessoas colaboradoras a partir do primeiro ou último nome","enabled":true,"identifier":null,"order":3,"skill_ids":["e2d499d7-7fdb-4472-835a-5bbe772fb189","e51df440-90ee-42e8-be83-1c02e2c06489","ba898853-37f2-45b2-ae68-0840bf4ad791","36126639-a745-4aa7-81b3-f433815f0e30"]},{"bonus":false,"description":"4 - Crie a gestão das pessoas colaboradoras de acordo com o respectivo gerente","enabled":true,"identifier":null,"order":4,"skill_ids":["8f62d52e-e161-4068-a24f-0cb8c6abbc5e","4a2036cd-41a3-4e78-ab6d-580c649d03ba","0ecadb3e-6205-43f5-8d58-6ac7cea4e842","681ba03c-f09b-4bfd-92ff-d6b9336695d8","e51df440-90ee-42e8-be83-1c02e2c06489","36126639-a745-4aa7-81b3-f433815f0e30"]},{"bonus":false,"description":"5 - Crie uma função que realiza a contagem dos animais de cada espécie","enabled":true,"identifier":null,"order":5,"skill_ids":["ce3a4c2e-8aec-407f-aced-8fbb410199d0","e2d499d7-7fdb-4472-835a-5bbe772fb189","e51df440-90ee-42e8-be83-1c02e2c06489","3d55073f-24ce-4a3f-90b8-44f3c85ebd48","4a2036cd-41a3-4e78-ab6d-580c649d03ba","36126639-a745-4aa7-81b3-f433815f0e30"]},{"bonus":false,"description":"6 - Implemente os testes necessários para obter ao menos 80% de cobertura na função handlerElephants","enabled":true,"identifier":null,"order":6,"skill_ids":["fd1a6cd8-c137-4851-8c41-9da698f19ab2","c6f6c695-c734-45d4-a2d9-da33747aae37"]},{"bonus":false,"description":"7 - Implemente os testes necessários para obter ao menos 90% de cobertura na função handlerElephants","enabled":true,"identifier":null,"order":7,"skill_ids":["fd1a6cd8-c137-4851-8c41-9da698f19ab2","c6f6c695-c734-45d4-a2d9-da33747aae37"]},{"bonus":false,"description":"8 - Crie o cálculo total do preço de entrada","enabled":true,"identifier":null,"order":8,"skill_ids":["a14393ee-0b37-4a7d-85fd-d6bbcade5c39","bd9e7ce5-85e1-4240-a69c-9330d91943f9","e51df440-90ee-42e8-be83-1c02e2c06489","ba898853-37f2-45b2-ae68-0840bf4ad791","36126639-a745-4aa7-81b3-f433815f0e30"]},{"bonus":false,"description":"9 - Crie o agendamento que disponibilize as informações de horário dos animais com o dia que os animais estão disponíveis","enabled":true,"identifier":null,"order":9,"skill_ids":["e51df440-90ee-42e8-be83-1c02e2c06489","92ca3175-15c1-4262-9b47-b1898ebca7e9","4a2036cd-41a3-4e78-ab6d-580c649d03ba","0ecadb3e-6205-43f5-8d58-6ac7cea4e842","36126639-a745-4aa7-81b3-f433815f0e30"]},{"bonus":false,"description":"10 - Crie uma função que busca o animal mais velho da primeira espécie gerenciada","enabled":true,"identifier":null,"order":10,"skill_ids":["ce3a4c2e-8aec-407f-aced-8fbb410199d0","e2d499d7-7fdb-4472-835a-5bbe772fb189","ba898853-37f2-45b2-ae68-0840bf4ad791","36126639-a745-4aa7-81b3-f433815f0e30"]},{"bonus":false,"description":"11 - Crie uma associação de informações para cobertura das pessoas colaboradoras","enabled":true,"identifier":null,"order":11,"skill_ids":["36126639-a745-4aa7-81b3-f433815f0e30","ce3a4c2e-8aec-407f-aced-8fbb410199d0","92ca3175-15c1-4262-9b47-b1898ebca7e9","3d55073f-24ce-4a3f-90b8-44f3c85ebd48","4a2036cd-41a3-4e78-ab6d-580c649d03ba","e51df440-90ee-42e8-be83-1c02e2c06489","681ba03c-f09b-4bfd-92ff-d6b9336695d8","0ecadb3e-6205-43f5-8d58-6ac7cea4e842"]},{"bonus":false,"description":"12 - Implemente os testes necessários para obter ao menos 85% de cobertura na função getOpeningHours","enabled":true,"identifier":null,"order":12,"skill_ids":["fd1a6cd8-c137-4851-8c41-9da698f19ab2","c6f6c695-c734-45d4-a2d9-da33747aae37"]},{"bonus":false,"description":"13 - Implemente os testes necessários para obter ao menos 95% de cobertura na função getOpeningHours","enabled":true,"identifier":null,"order":13,"skill_ids":["fd1a6cd8-c137-4851-8c41-9da698f19ab2","c6f6c695-c734-45d4-a2d9-da33747aae37"]},{"bonus":false,"description":"14 - Crie um mapeamento geográfico das espécies e seus animais","enabled":true,"identifier":null,"order":14,"skill_ids":["053387f7-4332-4bd3-8327-fc20f3f85482","4a2036cd-41a3-4e78-ab6d-580c649d03ba","92ca3175-15c1-4262-9b47-b1898ebca7e9","e51df440-90ee-42e8-be83-1c02e2c06489","d8b4836c-331d-4bb9-b37c-d4f5880dcb95"]},{"bonus":true,"description":"15 - Implemente os testes necessários para obter 100% de cobertura na função handlerElephants","enabled":true,"identifier":null,"order":15,"skill_ids":["fd1a6cd8-c137-4851-8c41-9da698f19ab2","c6f6c695-c734-45d4-a2d9-da33747aae37"]},{"bonus":true,"description":"16 - Implemente os testes necessários para obter 100% de cobertura na função getOpeningHours","enabled":true,"identifier":null,"order":16,"skill_ids":["fd1a6cd8-c137-4851-8c41-9da698f19ab2","c6f6c695-c734-45d4-a2d9-da33747aae37"]}]}