{
  "requirements": [
    {
      "bonus": false,
      "description": "01 - Normalize as tabelas para a 3ª Forma Normal",
      "enabled": true,
      "identifier": null,
      "order": 1,
      "skill_ids": []
    },
    {
      "bonus": false,
      "description": "02 - Exibe as estatísticas musicais",
      "enabled": true,
      "identifier": null,
      "order": 2,
      "skill_ids": []
    },
    {
      "bonus": false,
      "description": "03 - Exibe o histórico de reprodução para cada pessoa usuária",
      "enabled": true,
      "identifier": null,
      "order": 3,
      "skill_ids": []
    },
    {
      "bonus": false,
      "description": "04 - Exibe a condicao do usuario se esta ativo ou inativo",
      "enabled": true,
      "identifier": null,
      "order": 4,
      "skill_ids": []
    },
    {
      "bonus": false,
      "description": "05 - Exibe top 2 hits mais tocados no momento",
      "enabled": true,
      "identifier": null,
      "order": 5,
      "skill_ids": []
    },
    {
      "bonus": false,
      "description": "06 - Exibe o relatório de faturamento da empresa",
      "enabled": true,
      "identifier": null,
      "order": 6,
      "skill_ids": []
    },
    {
      "bonus": false,
      "description": "07 - Exibe uma relação de todos os álbuns produzidos por cada artista",
      "enabled": true,
      "identifier": null,
      "order": 7,
      "skill_ids": []
    },
    {
      "bonus": false,
      "description": "08 - Exibe uma relação de álbuns produzidos pelo artista Elis Regina",
      "enabled": true,
      "identifier": null,
      "order": 8,
      "skill_ids": []
    },
    {
      "bonus": false,
      "description": "09 - Exibe a quantidade de músicas que estão presentes atualmente no histórico de reprodução da pessoa usuária Barbara Liskov",
      "enabled": true,
      "identifier": null,
      "order": 9,
      "skill_ids": []
    },
    {
      "bonus": false,
      "description": "10 - Exibe o nome e a quantidade de vezes que cada canção foi tocada por pessoas usuárias do plano gratuito ou pessoal",
      "enabled": true,
      "identifier": null,
      "order": 10,
      "skill_ids": []
    },
    {
      "bonus": true,
      "description": "11 - Exibe nomes de musicas em sua forma normal e com string trocada",
      "enabled": true,
      "identifier": null,
      "order": 11,
      "skill_ids": []
    }
  ]
}