{
  "requirements": [
    {
      "description": "1 - Adicione à página o título \"Paleta de Cores\".",
      "bonus": false,
      "skill_ids":[
        "4bc2e43b-ac17-4f00-84cb-2c0776e446c9",
        "45b8aa19-7458-439d-ac2e-12c7438b7c5a"
      ]
    },
    {
      "description": "2 - Adicione à página uma paleta de quatro cores distintas.",
      "bonus": false,
      "skill_ids":[
        "76d994c3-5c9f-4ae9-a0d2-0f6e2a6bd9b2",
        "ae43092c-fdcb-43ea-83f9-57f1118e6d23",
        "45b8aa19-7458-439d-ac2e-12c7438b7c5a",
        "1fda945a-b901-42dd-8697-ba74e12cbec0",
        "c0c3f531-17db-4fb1-9d09-50f2e0c3a80c",
        "34072452-1a74-4dd2-b4b3-23e7e322b0cc",
        "bbdc7e7d-2e7b-41d7-ac8c-b3c572629468"
      ]
    },
    {
      "description": "3 - Adicione a cor **preta** como a primeira cor da paleta de cores.",
      "bonus": false,
      "skill_ids":[
        "45b8aa19-7458-439d-ac2e-12c7438b7c5a",
        "0529f8a0-d2f1-451e-b620-6ad83d1f848f",
        "34072452-1a74-4dd2-b4b3-23e7e322b0cc"
      ]
    },
    {
      "description": "4 - Adicione à página um quadro de pixels, com 25 pixels.",
      "bonus": false,
      "skill_ids":[
        "45b8aa19-7458-439d-ac2e-12c7438b7c5a",
        "0529f8a0-d2f1-451e-b620-6ad83d1f848f",
        "34072452-1a74-4dd2-b4b3-23e7e322b0cc",
        "8e25bd7e-0258-4d82-86cc-5c79331feea5"
      ]
    },
    {
      "description": "5 - Faça com que cada elemento do quadro de pixels possua 40 pixels de largura, 40 pixels de altura e seja delimitado por uma borda preta de 1 pixel.",
      "bonus": false,
      "skill_ids":[
        "45b8aa19-7458-439d-ac2e-12c7438b7c5a",
        "0529f8a0-d2f1-451e-b620-6ad83d1f848f",
        "bbdc7e7d-2e7b-41d7-ac8c-b3c572629468",
        "8e25bd7e-0258-4d82-86cc-5c79331feea5"
      ]
    },
    {
      "description": "6 - Defina a cor preta como cor inicial. Ao carregar a página a cor preta já deve estar selecionada para pintar os pixels",
      "bonus": false,
      "skill_ids":[
        "45b8aa19-7458-439d-ac2e-12c7438b7c5a",
        "0529f8a0-d2f1-451e-b620-6ad83d1f848f",
        "34072452-1a74-4dd2-b4b3-23e7e322b0cc"
      ]
    },
    {
      "description": "7 - Clicar em uma das cores da paleta, faz com que ela seja selecionada e utilizada para preencher os pixels no quadro.",
      "bonus": false,
      "skill_ids":[
        "76d994c3-5c9f-4ae9-a0d2-0f6e2a6bd9b2",
        "ae43092c-fdcb-43ea-83f9-57f1118e6d23",
        "45b8aa19-7458-439d-ac2e-12c7438b7c5a",
        "0529f8a0-d2f1-451e-b620-6ad83d1f848f",
        "af62fce8-1899-44fc-bfc0-ab88b7c1f459",
        "c0c3f531-17db-4fb1-9d09-50f2e0c3a80c"
      ]
    },
    {
      "description": "8 - Clicar em um pixel dentro do quadro após selecionar uma cor na paleta, faz com que o pixel seja preenchido com a cor selecionada.",
      "bonus": false,
      "skill_ids": [
        "76d994c3-5c9f-4ae9-a0d2-0f6e2a6bd9b2",
        "ae43092c-fdcb-43ea-83f9-57f1118e6d23",
        "45b8aa19-7458-439d-ac2e-12c7438b7c5a",
        "1fb4e5cd-fab5-46e6-b4d6-19576551bc78",
        "0529f8a0-d2f1-451e-b620-6ad83d1f848f",
        "af62fce8-1899-44fc-bfc0-ab88b7c1f459",
        "c0c3f531-17db-4fb1-9d09-50f2e0c3a80c"
      ]
    },
    {
      "description": "9 - Crie um botão que, ao ser clicado, limpa o quadro preenchendo a cor de todos seus pixels com branco.",
      "bonus": false,
      "skill_ids":[
        "76d994c3-5c9f-4ae9-a0d2-0f6e2a6bd9b2",
        "ae43092c-fdcb-43ea-83f9-57f1118e6d23",
        "45b8aa19-7458-439d-ac2e-12c7438b7c5a",
        "0529f8a0-d2f1-451e-b620-6ad83d1f848f",
        "af62fce8-1899-44fc-bfc0-ab88b7c1f459",
        "c0c3f531-17db-4fb1-9d09-50f2e0c3a80c"
      ]
    },
    {
      "description": "10 - Faça o quadro de pixels ter seu tamanho definido pelo usuário.",
      "bonus": true,
      "skill_ids":[
        "76d994c3-5c9f-4ae9-a0d2-0f6e2a6bd9b2",
        "ae43092c-fdcb-43ea-83f9-57f1118e6d23",
        "45b8aa19-7458-439d-ac2e-12c7438b7c5a",
        "1fb4e5cd-fab5-46e6-b4d6-19576551bc78",
        "0529f8a0-d2f1-451e-b620-6ad83d1f848f",
        "af62fce8-1899-44fc-bfc0-ab88b7c1f459",
        "1fda945a-b901-42dd-8697-ba74e12cbec0",
        "3188fe8a-e359-4666-8ad5-bf8bcb4d9a7b",
        "54e289cd-aad3-48de-a7fe-36d53b9b001c"
      ]
    },
    {
      "description": "11 - Limite o tamanho mínimo e máximo do board.",
      "bonus": true,
      "skill_ids":[
        "76d994c3-5c9f-4ae9-a0d2-0f6e2a6bd9b2",
        "ae43092c-fdcb-43ea-83f9-57f1118e6d23",
        "45b8aa19-7458-439d-ac2e-12c7438b7c5a",
        "e51df440-90ee-42e8-be83-1c02e2c06489",
        "e2d499d7-7fdb-4472-835a-5bbe772fb189",
        "ccd1d063-d32d-49f2-9994-0f2cc09d3a25",
        "bd9e7ce5-85e1-4240-a69c-9330d91943f9"
      ]
    },
    {
      "description": "12 - Faça com que as cores da paleta sejam geradas aleatoriamente ao carregar a página.",
      "bonus": true,
      "skill_ids":[
        "76d994c3-5c9f-4ae9-a0d2-0f6e2a6bd9b2",
        "ae43092c-fdcb-43ea-83f9-57f1118e6d23",
        "45b8aa19-7458-439d-ac2e-12c7438b7c5a",
        "c0c3f531-17db-4fb1-9d09-50f2e0c3a80c",
        "8317fce8-46cd-431f-9cb6-9ecc37d041eb",
        "b05b1233-4ade-4b2f-91d2-d5e262b14a8e",
        "794d7d27-13f2-4dfd-a448-26edd3ea12aa"
      ]
    }
  ]
}
