{
  "$schema": "./node_modules/@stryker-mutator/core/schema/stryker-schema.json",
  "mutate": [
    "src/pages/About.js",
    "src/App.js",
    "src/pages/FavoritePokemons.js",
    "src/pages/NotFound.js",
    "src/pages/Pokedex.js",
    "src/components/FavoriteInput.js",
    "src/components/Pokemon.js",
    "src/components/PokemonButtonsPanel.js",
    "src/components/PokemonData.js",
    "src/pages/PokemonDetails.js"
  ],
 "mutator": {
    "name": "javascript",
    "excludedMutations": [
      "ArithmeticOperator",
      "ArrayDeclaration",
      "ArrowFunction",
      "BlockStatement",
      "BooleanLiteral",
      "ConditionalExpression",
      "EqualityOperator",
      "LogicalOperator",
      "ObjectLiteral",
      "UnaryOperator",
      "UpdateOperator"
    ]
  },
  "testRunner": "jest",
  "reporters": [
    "progress",
    "clear-text",
    "html"
  ],
  "coverageAnalysis": "off",
  "jest": {
    "projectType": "create-react-app"
  }
}
