{
  "requirements": [
    {
      "description": "1 - Crie o formulário que será usado para adicionar cartas ao baralho",
      "bonus": false
    },
    {
      "description": "2 - Adicione as props necessárias ao componente de formulário",
      "bonus": false
    },
    {
      "description": "3 - Crie e renderize o componente Card com as props necessárias",
      "bonus": false
    },
    {
      "description": "4 - Crie o preview da carta que está sendo criada pelo formulário",
      "bonus": false
    },
    {
      "description": "5 - Faça a validação do botão de Salvar no formulário",
      "bonus": false
    },
    {
      "description": "6 - Crie a função do botão salvar",
      "bonus": false
    },
    {
      "description": "7 - Crie a validação do Super Trunfo",
      "bonus": false
    },
    {
      "description": "8 - Exiba a lista de cartas que estão salvas no estado",
      "bonus": false
    },
    {
      "description": "9 - Crie um botão para remover uma carta do baralho",
      "bonus": false
    },
    {
      "description": "10 - Crie o filtro pelo nome da carta",
      "bonus": true
    },
    {
      "description": "11 - Crie o filtro por raridade da carta",
      "bonus": true
    },
    {
      "description": "12 - Crie o filtro de Super Trunfo",
      "bonus": true
    }
  ]
}