{"requirements":[{"bonus":false,"description":"PokemonDetails mutation test","enabled":true,"identifier":null,"order":6,"skill_ids":[]},{"bonus":false,"description":"About mutation test","enabled":true,"identifier":null,"order":2,"skill_ids":[]},{"bonus":false,"description":"Pokedex mutation test","enabled":true,"identifier":null,"order":7,"skill_ids":[]},{"bonus":false,"description":"FavoritePokemons mutation test","enabled":true,"identifier":null,"order":3,"skill_ids":[]},{"bonus":false,"description":"App mutation test","enabled":true,"identifier":null,"order":1,"skill_ids":[]},{"bonus":false,"description":"NotFound mutation test","enabled":true,"identifier":null,"order":4,"skill_ids":[]},{"bonus":false,"description":"Pokemon mutation test","enabled":true,"identifier":null,"order":5,"skill_ids":[]}]}