{
  "requirements": [
    {
      "bonus": false,
      "description": "1 - Crie o endpoint GET /talker",
      "enabled": true,
      "identifier": null,
      "order": 1,
      "skill_ids": []
    },
    {
      "bonus": false,
      "description": "2 - Crie o endpoint GET /talker/:id",
      "enabled": true,
      "identifier": null,
      "order": 2,
      "skill_ids": []
    },
    {
      "bonus": false,
      "description": "3 - Crie o endpoint POST /login",
      "enabled": true,
      "identifier": null,
      "order": 3,
      "skill_ids": []
    },
    {
      "bonus": false,
      "description": "4 - Adicione as validações para o endpoint /login",
      "enabled": true,
      "identifier": null,
      "order": 4,
      "skill_ids": []
    },
    {
      "bonus": false,
      "description": "5 - Crie o endpoint POST /talker",
      "enabled": true,
      "identifier": null,
      "order": 5,
      "skill_ids": []
    },
    {
      "bonus": false,
      "description": "6 - Crie o endpoint PUT /talker/:id",
      "enabled": true,
      "identifier": null,
      "order": 6,
      "skill_ids": []
    },
    {
      "bonus": false,
      "description": "7 - Crie o endpoint DELETE /talker/:id",
      "enabled": true,
      "identifier": null,
      "order": 7,
      "skill_ids": []
    },
    {
      "bonus": false,
      "description": "8 - Crie o endpoint GET /talker/search?q=searchTerm",
      "enabled": true,
      "identifier": null,
      "order": 8,
      "skill_ids": []
    }
  ]
}