{
  "requirements": [
    {
      "description": "1 - Crie uma caixa de texto com a qual quem usa pode interagir para inserir texto em cima da imagem escolhida.",
      "bonus": false
    },
    {
      "description": "2 - O site deve permitir que quem usa faça upload de uma imagem de seu computador.",
      "bonus": false
    },
    {
      "description": "3 - Adicione uma moldura no container. A moldura deve ter 1 pixel de largura, deve ser preta e do tipo 'solid'. A área onde a imagem aparecerá deve ter fundo branco.",
      "bonus": false
    },
    {
      "description": "4 - Adicione o texto que será inserido sobre a imagem tem uma cor, sombra e tamanho específicos.",
      "bonus": false
    },
    {
      "description": "5 - Limite o tamanho do texto que o usuário pode inserir.",
      "bonus": false
    },
    {
      "description": "6 - Permita a quem usa customizar o meme escolhido acrescentando a ele uma de três bordas. A página deve ter três botões, que ao serem clicados devem cada um trocar a própria borda ao redor do container.",
      "bonus": true
    },
    {
      "description": "7 - Tenha um conjunto de quatro imagens pré prontas de memes famosos para o usuário escolher. Mostre miniaturas das imagens e, mediante clique do usuário, essa imagem deve aparecer dentro da moldura do elemento de container.",
      "bonus": true
    }
  ]
}
