{
  "$schema": "./node_modules/@stryker-mutator/core/schema/stryker-schema.json",
  "mutate": [
    "src/pages/FavoritePokemons.js"
  ],
  "mutator": {
    "name": "javascript",
    "excludedMutations": [
      "ArithmeticOperator",
      "ArrayDeclaration",
      "ArrowFunction",
      "BlockStatement",
      "BooleanLiteral",
      "ConditionalExpression",
      "EqualityOperator",
      "LogicalOperator",
      "ObjectLiteral",
      "UnaryOperator",
      "UpdateOperator"
    ]
  },
  "testRunner": "command",
  "commandRunner": {
    "command": "CI=true npm test 'src/tests/FavoritePokemons.test.js'"
  },
  "timeoutMS": 20000,
  "reporters": [
    "progress",
    "clear-text",
    "html"
  ],
  "coverageAnalysis": "off",
  "jest": {
    "projectType": "create-react-app"
  },
  "warnings": false
}
