{
  "requirements": [
    {
      "bonus": false,
      "description": "1 - Faça uma requisição para o endpoint `/planets` da API de Star Wars e preencha uma tabela com os dados retornados, com exceção dos da coluna `residents`",
      "enabled": true,
      "identifier": null,
      "order": 1,
      "skill_ids": []
    },
    {
      "bonus": false,
      "description": "2 - Crie um filtro de texto para a tabela",
      "enabled": true,
      "identifier": null,
      "order": 2,
      "skill_ids": []
    },
    {
      "bonus": false,
      "description": "3 - Crie um filtro para valores numéricos",
      "enabled": true,
      "identifier": null,
      "order": 3,
      "skill_ids": []
    },
    {
      "bonus": false,
      "description": "4 - Implemente múltiplos filtros numéricos",
      "enabled": true,
      "identifier": null,
      "order": 4,
      "skill_ids": []
    },
    {
      "bonus": false,
      "description": "5 - Desenvolva testes para atingir 30% de cobertura total da aplicação",
      "enabled": true,
      "identifier": null,
      "order": 5,
      "skill_ids": []
    },
    {
      "bonus": false,
      "description": "6 - Não utilize filtros repetidos",
      "enabled": true,
      "identifier": null,
      "order": 6,
      "skill_ids": []
    },
    {
      "bonus": false,
      "description": "7 - Apague um filtro de valor numérico ao clicar no ícone de X de um dos filtros e apague todas filtragens numéricas simultaneamente ao clicar em outro botão de Remover todas filtragens",
      "enabled": true,
      "identifier": null,
      "order": 7,
      "skill_ids": []
    },
    {
      "bonus": false,
      "description": "8 - Desenvolva testes para atingir 60% de cobertura total da aplicação",
      "enabled": true,
      "identifier": null,
      "order": 8,
      "skill_ids": []
    },
    {
      "bonus": true,
      "description": "9 - Ordene as colunas de forma ascendente ou descendente",
      "enabled": true,
      "identifier": null,
      "order": 9,
      "skill_ids": []
    },
    {
      "bonus": true,
      "description": "10 - Desenvolva testes para atingir 90% de cobertura total da aplicação",
      "enabled": true,
      "identifier": null,
      "order": 10,
      "skill_ids": []
    }
  ]
}