{
  "requirements": [
    { 
      "description": "1 - Adicione uma cor de fundo específica para a página",
      "bonus": false,
      "skill_ids":[
        "34072452-1a74-4dd2-b4b3-23e7e322b0cc",
        "49469eba-8f8c-46af-b00f-89fd2fc010f7"
      ]
    },
    { 
      "description": "2 - Adicione uma barra superior com um título",
      "bonus": false,
      "skill_ids":[
        "6be3d55e-51ff-496a-aac2-11c5b79c53ad",
        "34072452-1a74-4dd2-b4b3-23e7e322b0cc",
        "45b8aa19-7458-439d-ac2e-12c7438b7c5a",
        "d032d240-526e-4b2a-a4ea-55a3c5886d21",
        "f488942b-7461-492b-9149-409337092de1",
        "4bc2e43b-ac17-4f00-84cb-2c0776e446c9"
      ]
    },
    { 
      "description": "3 - Adicione uma foto sua à página",
      "bonus": false,
      "skill_ids":[
        "17ae12c3-98f2-4d02-8a68-246998ebe9c0",
        "45b8aa19-7458-439d-ac2e-12c7438b7c5a"
      ]
    },
    { 
      "description": "4 - Adicione uma lista de lições aprendidas à página",
      "bonus": false,
      "skill_ids":[
        "ec7b19cd-fceb-4831-836c-29b95186b539",
        "1036ad57-375f-4442-a16c-62689a9545a8",
        "45b8aa19-7458-439d-ac2e-12c7438b7c5a"
      ]
    },
    { 
      "description": "5 - Crie uma lista de lições que ainda deseja aprender para a página",
      "bonus": false,
      "skill_ids":[
        "cd31cb33-3c8d-4eb5-ae4d-afd0c4b534c6",
        "1036ad57-375f-4442-a16c-62689a9545a8",
        "45b8aa19-7458-439d-ac2e-12c7438b7c5a"
      ]
    },
    { 
      "description": "6 - Adicione um rodapé para a página",
      "bonus": false,
      "skill_ids":[
        "632e1695-47ad-4fb1-b1c2-382af5f43a6f",
        "45b8aa19-7458-439d-ac2e-12c7438b7c5a"
      ]
    },
    { 
      "description": "7 - Insira pelo menos um link externo na página",
      "bonus": false,
      "skill_ids":[
        "70493c30-04d7-454a-9532-324c653b9947"
      ]
    },
    { 
      "description": "8 - Crie um artigo sobre seu aprendizado",
      "bonus": false,
      "skill_ids":[
        "a2d487fc-d4a8-4ba6-b9cc-a9bfcf5a02a2"
      ]
    },
    { 
      "description": "9 - Crie uma seção que conta uma passagem sobre seu aprendizado",
      "bonus": false,
      "skill_ids":[
        "322ea3fe-d520-4410-b37a-2733493dbfa6"
      ]
    },
    { 
      "description": "10 - Aplique elementos HTML de acordo com o sentido e propósito de cada um deles",
      "bonus": false,
      "skill_ids":[
        "4efd8ab7-2c13-42cd-aad8-17aa0dce7c6d",
        "40b4dfa0-bebf-49ac-bd11-6448784166ad",
        "a2d487fc-d4a8-4ba6-b9cc-a9bfcf5a02a2",
        "97ee4e2c-a35e-4318-bcbf-bdb03d21b033",
        "322ea3fe-d520-4410-b37a-2733493dbfa6",
        "632e1695-47ad-4fb1-b1c2-382af5f43a6f"
      ]
    },
    { 
      "description": "11 - Teste a semântica da sua página está aprovada pelo site CodeSniffer",
      "bonus": false
    },
    { 
      "description": "12 - Adicione uma tabela à página",
      "bonus": true
    },
    { 
      "description": "13 - Utilize o Box model",
      "bonus": true,
      "skill_ids":[
        "0529f8a0-d2f1-451e-b620-6ad83d1f848f",
        "70313ece-aa92-4001-bfaf-5869ae01c839",
        "2d8aab58-d3ac-4784-ad52-606f7e7e7fca",
        "bbdc7e7d-2e7b-41d7-ac8c-b3c572629468"
      ]
    },
    { 
      "description": "14 - Altere atributos relacionados as fontes",
      "bonus": true,
      "skill_ids":[
        "0529f8a0-d2f1-451e-b620-6ad83d1f848f",
        "0e332406-0998-48bc-850d-e6b7f19ba90b",
        "c67bcfe3-f3b1-4858-8226-e2c397f4a4f8",
        "6be3d55e-51ff-496a-aac2-11c5b79c53ad",
        "3a6b9b47-19d4-4d3f-848a-8c3ac9cf1874"
      ]
    },
    { 
      "description": "15 - Posicione o seu artigo e a seção sobre aprendizados um ao lado do outro",
      "bonus": true,
      "skill_ids":[
        "0529f8a0-d2f1-451e-b620-6ad83d1f848f",
        "8e25bd7e-0258-4d82-86cc-5c79331feea5"
      ]
    }
  ]
}
