{
  "requirements": [
    {
      "bonus": false,
      "description": "01 - Crie endpoints para listar produtos",
      "enabled": true,
      "identifier": null,
      "order": 1,
      "skill_ids": []
    },
    {
      "bonus": false,
      "description": "02 - Desenvolva testes que cubram no mínimo 5% das camadas da sua aplicação",
      "enabled": true,
      "identifier": null,
      "order": 2,
      "skill_ids": []
    },
    {
      "bonus": false,
      "description": "03 - Crie endpoint para cadastrar produtos",
      "enabled": true,
      "identifier": null,
      "order": 3,
      "skill_ids": []
    },
    {
      "bonus": false,
      "description": "04 - Crie validações para produtos",
      "enabled": true,
      "identifier": null,
      "order": 4,
      "skill_ids": []
    },
    {
      "bonus": false,
      "description": "05 - Desenvolva testes que cubram no mínimo 10% das camadas da sua aplicação",
      "enabled": true,
      "identifier": null,
      "order": 5,
      "skill_ids": []
    },
    {
      "bonus": false,
      "description": "06 - Crie endpoint para validar e cadastrar vendas",
      "enabled": true,
      "identifier": null,
      "order": 6,
      "skill_ids": []
    },
    {
      "bonus": false,
      "description": "07 - Desenvolva testes que cubram no mínimo 15% das camadas da sua aplicação",
      "enabled": true,
      "identifier": null,
      "order": 7,
      "skill_ids": []
    },
    {
      "bonus": false,
      "description": "08 - Crie endpoints para listar vendas",
      "enabled": true,
      "identifier": null,
      "order": 8,
      "skill_ids": []
    },
    {
      "bonus": false,
      "description": "09 - Desenvolva testes que cubram no mínimo 20% das camadas da sua aplicação",
      "enabled": true,
      "identifier": null,
      "order": 9,
      "skill_ids": []
    },
    {
      "bonus": false,
      "description": "10 - Crie endpoint para atualizar um produto",
      "enabled": true,
      "identifier": null,
      "order": 10,
      "skill_ids": []
    },
    {
      "bonus": false,
      "description": "11 - Desenvolva testes que cubram no mínimo 25% das camadas da sua aplicação",
      "enabled": true,
      "identifier": null,
      "order": 11,
      "skill_ids": []
    },
    {
      "bonus": false,
      "description": "12 - Crie endpoint para deletar um produto",
      "enabled": true,
      "identifier": null,
      "order": 12,
      "skill_ids": []
    },
    {
      "bonus": true,
      "description": "13 - Desenvolva testes que cubram no mínimo 30% das camadas da sua aplicação",
      "enabled": true,
      "identifier": null,
      "order": 13,
      "skill_ids": []
    },
    {
      "bonus": true,
      "description": "14 - Crie endpoint para deletar uma venda",
      "enabled": true,
      "identifier": null,
      "order": 14,
      "skill_ids": []
    },
    {
      "bonus": true,
      "description": "15 - Desenvolva testes que cubram no mínimo 35% das camadas da sua aplicação",
      "enabled": true,
      "identifier": null,
      "order": 15,
      "skill_ids": []
    },
    {
      "bonus": true,
      "description": "16 - Crie endpoint para atualizar uma venda",
      "enabled": true,
      "identifier": null,
      "order": 16,
      "skill_ids": []
    },
    {
      "bonus": true,
      "description": "17 - Desenvolva testes que cubram no mínimo 40% das camadas da sua aplicação",
      "enabled": true,
      "identifier": null,
      "order": 17,
      "skill_ids": []
    },
    {
      "bonus": true,
      "description": "18 - Crie endpoint products/search?q=searchTerm",
      "enabled": true,
      "identifier": null,
      "order": 18,
      "skill_ids": []
    },
    {
      "bonus": true,
      "description": "19 - Desenvolva testes que cubram no mínimo 50% das camadas da sua aplicação",
      "enabled": true,
      "identifier": null,
      "order": 19,
      "skill_ids": []
    },
    {
      "bonus": true,
      "description": "20 - Desenvolva testes que cubram no mínimo 60% das camadas da sua aplicação",
      "enabled": true,
      "identifier": null,
      "order": 20,
      "skill_ids": []
    }
  ]
}