{
  "requirements": [
    {
      "bonus": false,
      "description": "1 - [TELA DE LOGIN] Crie a tela de login, onde a pessoa que joga deve preencher as informações para iniciar um jogo",
      "enabled": true,
      "identifier": null,
      "order": 1,
      "skill_ids": []
    },
    {
      "bonus": false,
      "description": "2 - [TELA DE LOGIN] Crie o botão de iniciar o jogo",
      "enabled": true,
      "identifier": null,
      "order": 2,
      "skill_ids": []
    },
    {
      "bonus": false,
      "description": "3 - [TELA DE LOGIN] Crie um botão na tela inicial que leve para a tela de configurações",
      "enabled": true,
      "identifier": null,
      "order": 3,
      "skill_ids": []
    },
    {
      "bonus": false,
      "description": "4 - [TELA DE LOGIN] Desenvolva testes para atingir 90% de cobertura da tela de Login",
      "enabled": true,
      "identifier": null,
      "order": 4,
      "skill_ids": []
    },
    {
      "bonus": false,
      "description": "5 - [TELA DE JOGO] Crie um _header_ que deve conter as informações da pessoa jogadora",
      "enabled": true,
      "identifier": null,
      "order": 5,
      "skill_ids": []
    },
    {
      "bonus": false,
      "description": "6 - [TELA DE JOGO] Crie a página de jogo que deve conter as informações relacionadas à pergunta",
      "enabled": true,
      "identifier": null,
      "order": 6,
      "skill_ids": []
    },
    {
      "bonus": false,
      "description": "7 - [TELA DE JOGO] Desenvolva o estilo que, ao clicar em uma resposta, a correta deve ficar verde e as incorretas, vermelhas",
      "enabled": true,
      "identifier": null,
      "order": 7,
      "skill_ids": []
    },
    {
      "bonus": false,
      "description": "8 - [TELA DE JOGO] Desenvolva um timer onde a pessoa que joga tem 30 segundos para responder",
      "enabled": true,
      "identifier": null,
      "order": 8,
      "skill_ids": []
    },
    {
      "bonus": false,
      "description": "9 - [TELA DE JOGO] Crie o placar com as seguintes características:",
      "enabled": true,
      "identifier": null,
      "order": 9,
      "skill_ids": []
    },
    {
      "bonus": false,
      "description": "10 - [TELA DE JOGO] Crie um botão de `Next` que apareça após a resposta ser dada",
      "enabled": true,
      "identifier": null,
      "order": 10,
      "skill_ids": []
    },
    {
      "bonus": false,
      "description": "11 - [TELA DE JOGO] Desenvolva o jogo de forma que a pessoa que joga deve responder 5 perguntas no total",
      "enabled": true,
      "identifier": null,
      "order": 11,
      "skill_ids": []
    },
    {
      "bonus": false,
      "description": "12 - [TELA DE FEEDBACK] Desenvolva o header de _feedback_ que deve conter as informações da pessoa jogadora",
      "enabled": true,
      "identifier": null,
      "order": 12,
      "skill_ids": []
    },
    {
      "bonus": false,
      "description": "13 - [TELA DE FEEDBACK] Crie a mensagem de _feedback_ para ser exibida a pessoa usuária",
      "enabled": true,
      "identifier": null,
      "order": 13,
      "skill_ids": []
    },
    {
      "bonus": false,
      "description": "14 - [TELA DE FEEDBACK] Exiba as informações relacionadas aos resultados obtidos para a pessoa usuária",
      "enabled": true,
      "identifier": null,
      "order": 14,
      "skill_ids": []
    },
    {
      "bonus": false,
      "description": "15 - [TELA DE FEEDBACK] Crie a opção para a pessoa jogadora poder jogar novamente",
      "enabled": true,
      "identifier": null,
      "order": 15,
      "skill_ids": []
    },
    {
      "bonus": false,
      "description": "16 - [TELA DE FEEDBACK] Crie a opção para a pessoa jogadora poder visualizar a tela de _ranking_",
      "enabled": true,
      "identifier": null,
      "order": 16,
      "skill_ids": []
    },
    {
      "bonus": false,
      "description": "17 - [TELA DE FEEDBACK] Desenvolva testes para atingir 90% de cobertura da tela de Feedbacks",
      "enabled": true,
      "identifier": null,
      "order": 17,
      "skill_ids": []
    },
    {
      "bonus": false,
      "description": "18 - [TELA DE RANKING] Crie um botão para ir ao início",
      "enabled": true,
      "identifier": null,
      "order": 18,
      "skill_ids": []
    },
    {
      "bonus": false,
      "description": "19 - [TELA DE RANKING] Crie o conteúdo da tela de _ranking_",
      "enabled": true,
      "identifier": null,
      "order": 19,
      "skill_ids": []
    },
    {
      "bonus": false,
      "description": "20 - [TELA DE RANKING] Desenvolva testes para atingir 90% de cobertura da tela de Rankings",
      "enabled": true,
      "identifier": null,
      "order": 20,
      "skill_ids": []
    },
    {
      "bonus": false,
      "description": "21 - [TELA DE JOGO] Desenvolva testes para atingir 90% de cobertura da tela de Jogo",
      "enabled": true,
      "identifier": null,
      "order": 21,
      "skill_ids": []
    },
    {
      "bonus": false,
      "description": "22 - Desenvolva testes para atingir 95% de cobertura total",
      "enabled": true,
      "identifier": null,
      "order": 22,
      "skill_ids": []
    }
  ]
}