{
    "requirements": [
        {
            "description": "1 - Adicione no seu site um título com o nome do seu jogo",
            "bonus": false
        },
        {
            "description": "2 - Adicione um texto com o código RGB a ser adivinhado",
            "bonus": false
        },
        {
            "description": "3 - Adicione a página opções de cores para serem adivinhadas",
            "bonus": false
        },
        {
            "description": "4 - Adicione cores nas bolas elas devem ser geradas dinâmicamente",
            "bonus": false
        },
        {
            "description": "5 - Clicar em um circulo colorido, deve ser mostrado um texto indicando se está correto",
            "bonus": false
        },
        {
            "description": "6 - Crie um botão para iniciar/reiniciar o jogo",
            "bonus": false
        },
        {
            "description": "7 - Crie um placar que incremente 3 pontos para cada acerto no jogo",
            "bonus": true
        }
    ]
}
