{
  "requirements": [{
    "description": "1 - Deve haver um `input` com o id=\"carta-texto\" onde o usuário poderá digitar o conteúdo da carta",
    "bonus": false
  }, {
    "description": "2 - Deve haver um parágrafo com o id=\"carta-gerada\" onde o usuário verá o resultado de sua carta misteriosa",
    "bonus": false
  }, {
    "description": "3 - Deve haver um botão com id=\"criar-carta\" e ao clicar nesse botão, a carta misteriosa deve ser gerada",
    "bonus": false
  },{
    "description": "4 - Ao criar uma carta através do botão com id=\"criar-carta\", o `input` com id=\"carta-texto\" deve permanecer com o texto digitado",
    "bonus": false
  },{
    "description": "5 - Se o usuário não preencher o campo ou preencher com apenas espaços vazios adicionar a mensagem 'Por favor, digite o conteúdo da carta.'",
    "bonus": false
  },{
    "description": "6 - Crie a classe `newspaper`",
    "bonus": false
  },{
    "description": "7 - Crie a classe `magazine1`",
    "bonus": false
  },{
    "description": "8 - Crie a classe `magazine2`",
    "bonus": false
  },{
    "description": "9 - Crie a classe `medium`",
    "bonus": false
  },{
    "description": "10 - Crie a classe `big`",
    "bonus": false
  },{
    "description": "11 - Crie a classe `reallybig`",
    "bonus": false
  },{
    "description": "12 - Crie a classe `rotateleft`",
    "bonus": false
  },{
    "description": "13 - Crie a classe `rotateright`",
    "bonus": false
  },{
    "description": "14 - Crie a classe `skewleft`",
    "bonus": false      
  },{
    "description": "15 - Crie a classe `skewright`",
    "bonus": false
  },{
    "description": "16 - Adicione as classes de forma aleatória a fim de estilizar as palavras.",
    "bonus": false
  },{
    "description": "17 - Com uma carta misteriosa gerada, adicione a possibilidade de alterar o estilo de uma palavra específica ao clicar nela",
    "bonus": true
  },{
    "description": "18 - Deve haver um parágrafo com o id=\"carta-contador\" onde existirá um contador de palavras",
    "bonus": true
  }]
}
