{
  "requirements": [
    {
      "bonus": false,
      "description": "1 - Desenvolva em /app/backend/src/database nas pastas correspondentes, uma migration e um model para a tabela de users",
      "enabled": true,
      "identifier": null,
      "order": 1,
      "skill_ids": []
    },
    {
      "bonus": false,
      "description": "2 - Desenvolva testes que cubram no mínimo 5 por cento dos arquivo backend em /src com um mínimo de 7 linhas cobertas",
      "enabled": true,
      "identifier": null,
      "order": 2,
      "skill_ids": []
    },
    {
      "bonus": false,
      "description": "3 - Desenvolva o endpoint /login no backend de maneira ele permita o acesso com dados válidos no frontend",
      "enabled": true,
      "identifier": null,
      "order": 3,
      "skill_ids": []
    },
    {
      "bonus": false,
      "description": "4 - Desenvolva testes que cubram no mínimo 10 por cento dos arquivo backend em /src com um mínimo de 19 linhas cobertas",
      "enabled": true,
      "identifier": null,
      "order": 4,
      "skill_ids": []
    },
    {
      "bonus": false,
      "description": "5 - Desenvolva o endpoint /login no backend de maneira ele não permita o acesso sem informar um email no frontend",
      "enabled": true,
      "identifier": null,
      "order": 5,
      "skill_ids": []
    },
    {
      "bonus": false,
      "description": "6 - Desenvolva testes que cubram no mínimo 10 por cento dos arquivo backend em /src com um mínimo de 19 linhas cobertas",
      "enabled": true,
      "identifier": null,
      "order": 6,
      "skill_ids": []
    },
    {
      "bonus": false,
      "description": "7 - Desenvolva o endpoint /login no backend de maneira ele não permita o acesso sem informar uma senha no frontend",
      "enabled": true,
      "identifier": null,
      "order": 7,
      "skill_ids": []
    },
    {
      "bonus": false,
      "description": "8 - Desenvolva testes que cubram no mínimo 20 por cento dos arquivo backend em /src com um mínimo de 35 linhas cobertas",
      "enabled": true,
      "identifier": null,
      "order": 8,
      "skill_ids": []
    },
    {
      "bonus": false,
      "description": "9 - Desenvolva o endpoint /login no backend de maneira ele não permita o acesso com um email inválido no frontend",
      "enabled": true,
      "identifier": null,
      "order": 9,
      "skill_ids": []
    },
    {
      "bonus": false,
      "description": "10 - Desenvolva testes que cubram no mínimo 30 por cento dos arquivo backend em /src com um mínimo de 45 linhas cobertas",
      "enabled": true,
      "identifier": null,
      "order": 10,
      "skill_ids": []
    },
    {
      "bonus": false,
      "description": "11 - Desenvolva o endpoint /login no backend de maneira ele não permita o acesso com uma senha inválida no frontend",
      "enabled": true,
      "identifier": null,
      "order": 11,
      "skill_ids": []
    },
    {
      "bonus": false,
      "description": "12 - Desenvolva o endpoint /login/validate no backend de maneira ele retorne os dados corretamente no frontend",
      "enabled": true,
      "identifier": null,
      "order": 12,
      "skill_ids": []
    },
    {
      "bonus": false,
      "description": "13 - Desenvolva testes que cubram no mínimo 45 por cento dos arquivo backend em /src com um mínimo de 70 linhas cobertas",
      "enabled": true,
      "identifier": null,
      "order": 13,
      "skill_ids": []
    },
    {
      "bonus": false,
      "description": "14 - Desenvolva em /app/backend/src/database nas pastas correspondentes, uma migration e um model para a tabela de teams",
      "enabled": true,
      "identifier": null,
      "order": 14,
      "skill_ids": []
    },
    {
      "bonus": false,
      "description": "15 - Desenvolva o endpoint /teams no backend de forma que ele possa retornar todos os times corretamente",
      "enabled": true,
      "identifier": null,
      "order": 15,
      "skill_ids": []
    },
    {
      "bonus": false,
      "description": "16 - Desenvolva o endpoint /teams/:id no backend de forma que ele possa retornar dados de um time específico",
      "enabled": true,
      "identifier": null,
      "order": 16,
      "skill_ids": []
    },
    {
      "bonus": false,
      "description": "17 - Desenvolva testes que cubram no mínimo 60 por cento dos arquivo backend em /src com um mínimo de 80 linhas cobertas",
      "enabled": true,
      "identifier": null,
      "order": 17,
      "skill_ids": []
    },
    {
      "bonus": false,
      "description": "18 - Desenvolva em /app/backend/src/database nas pastas correspondentes, uma migration e um model para a tabela de matches",
      "enabled": true,
      "identifier": null,
      "order": 18,
      "skill_ids": []
    },
    {
      "bonus": false,
      "description": "19 - Desenvolva o endpoint /matches de forma que os dados apareçam corretamente na tela de partidas no frontend",
      "enabled": true,
      "identifier": null,
      "order": 19,
      "skill_ids": []
    },
    {
      "bonus": false,
      "description": "20 - Desenvolva o endpoint /matches de forma que seja possível filtrar as partidas em andamento na tela de partidas do frontend",
      "enabled": true,
      "identifier": null,
      "order": 20,
      "skill_ids": []
    },
    {
      "bonus": false,
      "description": "21 - Desenvolva o endpoint /matches de forma que seja possível filtrar as partidas finalizadas na tela de partidas do frontend",
      "enabled": true,
      "identifier": null,
      "order": 21,
      "skill_ids": []
    },
    {
      "bonus": true,
      "description": "22 - Desenvolva testes que cubram no mínimo 80 por cento dos arquivo backend em /src com um mínimo de 100 linhas cobertas",
      "enabled": true,
      "identifier": null,
      "order": 22,
      "skill_ids": []
    },
    {
      "bonus": false,
      "description": "23 - Desenvolva o endpoint /matches de modo que seja possível salvar uma partida com o status de inProgress como true no banco de dados",
      "enabled": true,
      "identifier": null,
      "order": 23,
      "skill_ids": []
    },
    {
      "bonus": false,
      "description": "24 - Desenvolva o endpoint `/matches/:id/finish` de modo que seja possível alterar o status inProgress de uma partida para false no banco de dados",
      "enabled": true,
      "identifier": null,
      "order": 24,
      "skill_ids": []
    },
    {
      "bonus": false,
      "description": "25 - Desenvolva o endpoint /matches de forma que não seja possível inserir uma partida com times iguais",
      "enabled": true,
      "identifier": null,
      "order": 25,
      "skill_ids": []
    },
    {
      "bonus": false,
      "description": "26 - Desenvolva o endpoint /matches de forma que não seja possível inserir uma partida com time que não existe na tabela teams",
      "enabled": true,
      "identifier": null,
      "order": 26,
      "skill_ids": []
    },
    {
      "bonus": false,
      "description": "27 - Desenvolva o endpoint /matches de forma que não seja possível inserir uma partida sem um token válido",
      "enabled": true,
      "identifier": null,
      "order": 27,
      "skill_ids": []
    },
    {
      "bonus": false,
      "description": "28 - Desenvolva o endpoint /matches de forma que seja possível atualizar partidas em andamento",
      "enabled": true,
      "identifier": null,
      "order": 28,
      "skill_ids": []
    },
    {
      "bonus": false,
      "description": "29 - Desenvolva o endpoint /leaderboard/home de forma que seja possível filtrar a classificações dos times quando mandantes na tela de classificação do frontend com os dados iniciais do banco de dados",
      "enabled": true,
      "identifier": null,
      "order": 29,
      "skill_ids": []
    },
    {
      "bonus": false,
      "description": "30 - Desenvolva o endpoint /leaderboard/home de forma que seja possível filtrar a classificações dos times quando mandantes na tela de classificação do frontend e ao inserir a partida Corinthians 2 X 1 Internacional a tabela será atualizada",
      "enabled": true,
      "identifier": null,
      "order": 30,
      "skill_ids": []
    },
    {
      "bonus": false,
      "description": "31 - Desenvolva o endpoint /leaderboard/away de forma que seja possível filtrar as classificações dos times quando visitantes na tela de classificação do frontend com os dados iniciais do banco de dados",
      "enabled": true,
      "identifier": null,
      "order": 31,
      "skill_ids": []
    },
    {
      "bonus": false,
      "description": "32 - Desenvolva o endpoint /leaderboard/away de forma que seja possível filtrar a classificações dos times quando visitantes na tela de classificação do frontend e ao inserir a partida Corinthians 2 X 1 Internacional a tabela será atualizada",
      "enabled": true,
      "identifier": null,
      "order": 32,
      "skill_ids": []
    },
    {
      "bonus": false,
      "description": "33 - Desenvolva o endpoint /leaderboard de forma que seja possível filtrar a classificação geral dos times na tela de classificação do frontend com os dados iniciais do banco de dados",
      "enabled": true,
      "identifier": null,
      "order": 33,
      "skill_ids": []
    },
    {
      "bonus": false,
      "description": "34 - Desenvolva o endpoint /leaderboard de forma que seja possível filtrar a classificação geral dos times na tela de classificação do frontend e ao inserir a partida Flamengo 3 X 0 Napoli-SC a tabela será atualizada",
      "enabled": true,
      "identifier": null,
      "order": 34,
      "skill_ids": []
    },
    {
      "bonus": false,
      "description": "35 - Desenvolva o endpoint /leaderboard de forma que seja possível filtrar a classificação geral dos times na tela de classificação do frontend e ao inserir a partida Minas Brasília 1 X 0 Ferroviária a tabela será atualizada",
      "enabled": true,
      "identifier": null,
      "order": 35,
      "skill_ids": []
    }
  ]
}