{
  "tabela_usuario": "nome-da-tabela-de-usuários",
  "coluna_usuario": "nome-do-usuário",
  "tabela_plano": "nome-da-tabela-do-plano",
  "coluna_plano": "nome-do-plano",
  "tabela_historico_de_reproducoes": "nome-da-tabela-do-historico-de-reproduções",
  "coluna_historico_de_reproducoes": "nome-da-coluna-da-canção",
  "tabela_seguindo_artistas": "nome-da-tabela-de-seguidores-dos-artistas",
  "coluna_seguindo_artistas": "nome-da-coluna-da-artista",
  "tabela_artista": "nome-da-tabela-de-artistas",
  "coluna_artista": "nome-da-artista",
  "tabela_album": "nome-da-tabela-de-albuns",
  "coluna_album": "nome-do-album",
  "tabela_cancoes": "nome-da-tabela-de-canções",
  "coluna_cancoes": "nome-da-canção"
}