{
  "requirements": [
    {
      "bonus": false,
      "description": "1.1 - Será validado que o método `enqueue` deve adicionar um valor a fila, modificando seu tamanho",
      "enabled": true,
      "identifier": "test_enqueue_deve_adicionar_um_valor_a_fila",
      "order": 1,
      "skill_ids": []
    },
    {
      "bonus": false,
      "description": "1.2 - Será validado que o método `dequeue` deve remover o elemento a mais tempo na fila, modificando seu tamanho",
      "enabled": true,
      "identifier": "test_dequeue_deve_remover_um_valor_a_fila",
      "order": 2,
      "skill_ids": []
    },
    {
      "bonus": false,
      "description": "1.3 - Será validado que o método `search` deve buscar um valor na lista à partir de um índice",
      "enabled": true,
      "identifier": "test_search_deve_buscar_um_valor_a_partir_de_um_indice",
      "order": 3,
      "skill_ids": []
    },
    {
      "bonus": false,
      "description": "1.4 - Será validado que o método `search` deve lançar uma exceção quando o índice for inválido",
      "enabled": true,
      "identifier": "test_search_com_indice_invalido",
      "order": 4,
      "skill_ids": []
    },
    {
      "bonus": false,
      "description": "2.1 - Será validado que ao executar o método `txt_importer` deve retornar uma estrutura contendo as linhas do arquivo",
      "enabled": true,
      "identifier": "test_validar_importar_noticias_com_sucesso",
      "order": 5,
      "skill_ids": []
    },
    {
      "bonus": false,
      "description": "2.2 - Será validado que ao executar o método `txt_importer` com um arquivo TXT que não exista, deve ser exibida a mensagem: `Arquivo {path_file} não encontrado`",
      "enabled": true,
      "identifier": "test_validar_importar_com_extencao_invalida",
      "order": 6,
      "skill_ids": []
    },
    {
      "bonus": false,
      "description": "2.3 - Será validado que ao executar o método `txt_importer` com uma extensão diferente de `.txt`, deve ser exibida uma mensagem: `Formato inválido`",
      "enabled": true,
      "identifier": "test_validar_importar_com_arquivo_nao_existente",
      "order": 7,
      "skill_ids": []
    },
    {
      "bonus": false,
      "description": "3.1 - Será validado que ao executar a função `process` com o mesmo nome a execução deverá ser ignorada",
      "enabled": true,
      "identifier": "test_validar_funcao_process_ignorando_mesmo_nome",
      "order": 8,
      "skill_ids": []
    },
    {
      "bonus": false,
      "description": "3.2 - Será validado que ao executar a função `process` com sucesso deverá retornar mensagem via `stdout`",
      "enabled": true,
      "identifier": "test_validar_funcao_process_com_sucesso",
      "order": 9,
      "skill_ids": []
    },
    {
      "bonus": false,
      "description": "4.1 - Será validado que ao executar a função `remove` com sucesso deverá retornar mensagem via `stdout`",
      "enabled": true,
      "identifier": "test_remover_arquivo_com_sucesso",
      "order": 10,
      "skill_ids": []
    },
    {
      "bonus": false,
      "description": "4.2 - Será validado que ao executar a função `remove` um arquivo inexistente deverá retornar a mensagem `Não há elementos`",
      "enabled": true,
      "identifier": "test_remover_arquivo_inexistente",
      "order": 11,
      "skill_ids": []
    },
    {
      "bonus": false,
      "description": "5.1 - Será validado que ao executar a função `file_metadata` com sucesso deverá retornar mensagem via `stdout`",
      "enabled": true,
      "identifier": "test_validar_funcao_file_metadata_com_sucesso",
      "order": 12,
      "skill_ids": []
    },
    {
      "bonus": false,
      "description": "5.2 - Será validado que ao executar a função `file_metadata` com posição inválida deverá retornar a mensagem `Posição inválida`",
      "enabled": true,
      "identifier": "test_validar_funcao_file_metadata_com_posicao_invalida",
      "order": 13,
      "skill_ids": []
    },
    {
      "bonus": false,
      "description": "6 - Implemente os testes para a classe `PriorityQueue` capaz de armazenar arquivos pequenos de forma prioritária",
      "enabled": true,
      "identifier": "test_basic_priority_queueing",
      "order": 14,
      "skill_ids": []
    },
    {
      "bonus": false,
      "description": "7.1 - Será validado que ao executar a função `exists_word` com sucesso deverá retornar a mensagem",
      "enabled": true,
      "identifier": "test_validar_funcao_exists_word_com_sucesso",
      "order": 15,
      "skill_ids": []
    },
    {
      "bonus": false,
      "description": "7.2 - Será validado que ao executar a função `exists_word` com palavra inexistente deverá retornar uma lista vazia",
      "enabled": true,
      "identifier": "test_validar_funcao_exists_word_sem_palavra_existente",
      "order": 16,
      "skill_ids": []
    },
    {
      "bonus": false,
      "description": "8.1 - Será validado que ao executar a função `search_by_word` com sucesso deverá retornar a mensagem",
      "enabled": true,
      "identifier": "test_validar_search_by_word_com_sucesso",
      "order": 17,
      "skill_ids": []
    },
    {
      "bonus": false,
      "description": "8.2 - Será validado que ao executar a função `search_by_word` com palavra inexistente deverá retornar uma lista vazia",
      "enabled": true,
      "identifier": "test_validar_search_by_word_com_palavra_inexistente",
      "order": 18,
      "skill_ids": []
    }
  ]
}